backend,function,before_instructions,before_min_u32,before_mul_u32_wide,before_mul_u32_low,after_instructions,after_min_u32,after_mul_u32_wide,after_mul_u32_low
avx2,fastpoly_columns1,21,0,0,0,21,0,0,0
avx2,fastpoly_columns2,21,0,0,0,21,0,0,0
avx2,fastpoly_columns4,17,0,0,0,17,0,0,0
avx2,fastpoly_fixed7,20,1,2,1,20,1,2,1
avx2,fastpoly_q32_diff,22,1,2,2,21,0,2,2
avx2,fastpoly_rows1,21,0,0,0,21,0,0,0
avx2,fastpoly_rows2,21,0,0,0,21,0,0,0
avx2,fastpoly_rows4,17,0,0,0,17,0,0,0
avx2,fastpoly_twiddle_diff,26,1,6,0,25,0,6,0
avx512,fastpoly_columns1,21,0,0,0,21,0,0,0
avx512,fastpoly_columns2,21,0,0,0,21,0,0,0
avx512,fastpoly_columns4,19,0,0,0,19,0,0,0
avx512,fastpoly_columns8,15,0,0,0,15,0,0,0
avx512,fastpoly_fixed7,22,1,2,1,22,1,2,1
avx512,fastpoly_q32_diff,22,1,2,2,21,0,2,2
avx512,fastpoly_rows1,21,0,0,0,21,0,0,0
avx512,fastpoly_rows2,24,0,0,0,24,0,0,0
avx512,fastpoly_rows4,19,0,0,0,19,0,0,0
avx512,fastpoly_rows8,15,0,0,0,15,0,0,0
avx512,fastpoly_twiddle_diff,25,1,6,0,24,0,6,0
