modulus,backend,operation,size,before_ms,after_ms,speedup,checksum,runs,reps,warmup
469762049,avx2,conv,1024,0.070750000,0.057667000,1.226872,4e284e8ea12f3358,3,7,5
469762049,avx2,inv-linear,1024,0.001334000,0.001042000,1.280230,0f4bdc12c2283224,3,7,5
469762049,avx2,ntt-forward,1024,0.010042000,0.007833000,1.282012,6e72182844d98348,3,7,5
469762049,avx2,ntt-inverse,1024,0.011458000,0.008791000,1.303378,fe223e83c42c4906,3,7,5
469762049,avx2,scale,1024,0.001459000,0.001417000,1.029640,f9b8867b06b4df4c,3,7,5
469762049,avx2,skinny,1024,0.063084000,0.055000000,1.146982,af2416bf1ce8b2b7,3,7,5
469762049,avx2,conv,2048,0.151834000,0.125750000,1.207427,13f471fd1be0ec0d,3,7,5
469762049,avx2,inv-linear,2048,0.002334000,0.001833000,1.273322,1c1996abd05bb334,3,7,5
469762049,avx2,ntt-forward,2048,0.021958000,0.017458000,1.257761,d5188df16fa7b02c,3,7,5
469762049,avx2,ntt-inverse,2048,0.025083000,0.019416000,1.291873,6dcf5038a2e37e5c,3,7,5
469762049,avx2,scale,2048,0.002875000,0.002792000,1.029728,4077cadbc21b5263,3,7,5
469762049,avx2,skinny,2048,0.128416000,0.110083000,1.166538,ca5083dfcced4e57,3,7,5
469762049,avx2,conv,4096,0.332000000,0.275667000,1.204352,02e38664b0095b9e,3,7,5
469762049,avx2,inv-linear,4096,0.004458000,0.003417000,1.304653,53ed55e1d5033d0f,3,7,5
469762049,avx2,ntt-forward,4096,0.047292000,0.039584000,1.194725,78b47b4db8e9cac4,3,7,5
469762049,avx2,ntt-inverse,4096,0.054000000,0.043125000,1.252174,5188725636c74bec,3,7,5
469762049,avx2,scale,4096,0.005708000,0.005500000,1.037818,5947db53e2b4a330,3,7,5
469762049,avx2,skinny,4096,0.256625000,0.219292000,1.170243,bc849d51e5369df4,3,7,5
469762049,avx2,conv,8192,0.715209000,0.597334000,1.197335,3e5e16b43f589a40,3,7,5
469762049,avx2,inv-linear,8192,0.008583000,0.006542000,1.311984,2176b50baae6846a,3,7,5
469762049,avx2,ntt-forward,8192,0.103791000,0.086667000,1.197584,cccc347806056003,3,7,5
469762049,avx2,ntt-inverse,8192,0.118375000,0.094833000,1.248247,001a5dc27ad440e5,3,7,5
469762049,avx2,scale,8192,0.011250000,0.010917000,1.030503,8653462e233edddc,3,7,5
469762049,avx2,skinny,8192,0.515041000,0.452084000,1.139260,a263dab34c3a1930,3,7,5
469762049,avx2,conv,16384,1.529458000,1.306500000,1.170653,f6923f1484f70297,3,7,5
469762049,avx2,inv-linear,16384,0.017000000,0.012792000,1.328956,e23ec95ff56ee68b,3,7,5
469762049,avx2,ntt-forward,16384,0.220875000,0.190875000,1.157171,621f43b6de273128,3,7,5
469762049,avx2,ntt-inverse,16384,0.254459000,0.208459000,1.220667,57240d6d85f8fe63,3,7,5
469762049,avx2,scale,16384,0.022667000,0.022625000,1.001856,f1827239270e1eb5,3,7,5
469762049,avx2,skinny,16384,1.038584000,0.906041000,1.146288,f708d3777976410a,3,7,5
469762049,avx2,conv,32768,3.259625000,2.831708000,1.151116,804806a57715887e,3,7,5
469762049,avx2,inv-linear,32768,0.034000000,0.025375000,1.339901,44c74429bd334d26,3,7,5
469762049,avx2,ntt-forward,32768,0.478292000,0.415917000,1.149970,73f994706ba6681d,3,7,5
469762049,avx2,ntt-inverse,32768,0.546625000,0.455292000,1.200603,bd3c785b2e74ed70,3,7,5
469762049,avx2,scale,32768,0.046042000,0.045583000,1.010070,ce2da6c19efaef90,3,7,5
469762049,avx2,skinny,32768,2.076167000,1.825459000,1.137340,0644932f85679a2b,3,7,5
469762049,avx2,conv,65536,7.086625000,6.139292000,1.154307,a6061e4203e1fc80,3,7,5
469762049,avx2,inv-linear,65536,0.070625000,0.052292000,1.350589,1481da80ed159bab,3,7,5
469762049,avx2,ntt-forward,65536,1.027125000,0.894875000,1.147786,fcc660a0b0c966b0,3,7,5
469762049,avx2,ntt-inverse,65536,1.161625000,0.995958000,1.166339,8e83650145f9e23d,3,7,5
469762049,avx2,scale,65536,0.093833000,0.090166000,1.040669,714e4feaa9926ba5,3,7,5
469762049,avx2,skinny,65536,4.218583000,3.684375000,1.144993,ff31ae358f490a5f,3,7,5
469762049,avx2,conv,131072,15.124708000,13.078709000,1.156437,261a744757db14ce,3,7,5
469762049,avx2,inv-linear,131072,0.141083000,0.104792000,1.346315,d58f00730827512b,3,7,5
469762049,avx2,ntt-forward,131072,2.215792000,1.964167000,1.128108,302d45da20bd0629,3,7,5
469762049,avx2,ntt-inverse,131072,2.536250000,2.161625000,1.173307,82ba00cd9e0a5a4f,3,7,5
469762049,avx2,scale,131072,0.189333000,0.180042000,1.051605,ac7dbbc423a89246,3,7,5
469762049,avx2,skinny,131072,8.541084000,7.388583000,1.155984,7d2d303f32e75fe7,3,7,5
1073479681,avx2,conv,1024,0.070834000,0.056708000,1.249101,85693383dd897199,3,7,5
1073479681,avx2,inv-linear,1024,0.001375000,0.001042000,1.319578,78cec6c8527702a4,3,7,5
1073479681,avx2,ntt-forward,1024,0.010042000,0.007875000,1.275175,dd209176463e1419,3,7,5
1073479681,avx2,ntt-inverse,1024,0.011500000,0.008709000,1.320473,5940851368ac69a8,3,7,5
1073479681,avx2,scale,1024,0.001292000,0.001083000,1.192982,b239620714a699ee,3,7,5
1073479681,avx2,skinny,1024,0.064458000,0.056458000,1.141698,c422b844bafed68d,3,7,5
1073479681,avx2,conv,2048,0.153916000,0.125084000,1.230501,4ee750057b5d90ff,3,7,5
1073479681,avx2,inv-linear,2048,0.002417000,0.001792000,1.348772,670f98eb839874c1,3,7,5
1073479681,avx2,ntt-forward,2048,0.022125000,0.017375000,1.273381,69f3df578d87564f,3,7,5
1073479681,avx2,ntt-inverse,2048,0.025125000,0.019542000,1.285692,8cc21d6f6b6a1975,3,7,5
1073479681,avx2,scale,2048,0.002542000,0.002042000,1.244858,6f6d1d76f832188d,3,7,5
1073479681,avx2,skinny,2048,0.128500000,0.113084000,1.136323,8e8da7e8daf69f3b,3,7,5
1073479681,avx2,conv,4096,0.331875000,0.274458000,1.209201,086c13631f3d4dc1,3,7,5
1073479681,avx2,inv-linear,4096,0.004583000,0.003333000,1.375038,1a514b0cb36b202f,3,7,5
1073479681,avx2,ntt-forward,4096,0.049042000,0.039500000,1.241570,9383b9ce982bce7f,3,7,5
1073479681,avx2,ntt-inverse,4096,0.054250000,0.043208000,1.255555,1930990608d7fb62,3,7,5
1073479681,avx2,scale,4096,0.005000000,0.004042000,1.237011,eb0f8c10a038e5fb,3,7,5
1073479681,avx2,skinny,4096,0.256583000,0.229667000,1.117196,0b36740644b2df8f,3,7,5
1073479681,avx2,conv,8192,0.708625000,0.597500000,1.185983,18d0cae276d43903,3,7,5
1073479681,avx2,inv-linear,8192,0.008834000,0.006334000,1.394695,d290dca03ec132da,3,7,5
1073479681,avx2,ntt-forward,8192,0.103875000,0.086542000,1.200284,9050111f7e7e97bd,3,7,5
1073479681,avx2,ntt-inverse,8192,0.118708000,0.094458000,1.256728,2bbbbfad78a9d8c1,3,7,5
1073479681,avx2,scale,8192,0.010000000,0.008000000,1.250000,9bbcbcbe87c101b3,3,7,5
1073479681,avx2,skinny,8192,0.515416000,0.452334000,1.139459,82609203ff63f652,3,7,5
1073479681,avx2,conv,16384,1.573958000,1.300417000,1.210349,947f67f84c3eef6d,3,7,5
1073479681,avx2,inv-linear,16384,0.016959000,0.012792000,1.325750,e292dc038042d9ef,3,7,5
1073479681,avx2,ntt-forward,16384,0.219417000,0.191084000,1.148275,7fa806f6483b7ac4,3,7,5
1073479681,avx2,ntt-inverse,16384,0.253500000,0.208834000,1.213883,5a72d7849d9b3f13,3,7,5
1073479681,avx2,scale,16384,0.020083000,0.016167000,1.242222,ac93e1bcb2256d4b,3,7,5
1073479681,avx2,skinny,16384,1.033625000,0.907708000,1.138720,6fbb68440bb11451,3,7,5
1073479681,avx2,conv,32768,3.332541000,2.829583000,1.177750,2acc34d77d2e6d91,3,7,5
1073479681,avx2,inv-linear,32768,0.034958000,0.025458000,1.373164,84837ba8dcf5e4d4,3,7,5
1073479681,avx2,ntt-forward,32768,0.478167000,0.422542000,1.131644,00eb3edc66cb36ee,3,7,5
1073479681,avx2,ntt-inverse,32768,0.580417000,0.454125000,1.278100,892ecfc7eabb1e26,3,7,5
1073479681,avx2,scale,32768,0.041542000,0.032750000,1.268458,bfbf8ceacdd5c283,3,7,5
1073479681,avx2,skinny,32768,2.095125000,1.833834000,1.142483,02ec753087007dfe,3,7,5
1073479681,avx2,conv,65536,7.041792000,6.183792000,1.138750,3218e85a00ef6fef,3,7,5
1073479681,avx2,inv-linear,65536,0.069042000,0.052334000,1.319257,0f11f49b849467e7,3,7,5
1073479681,avx2,ntt-forward,65536,1.011333000,0.897167000,1.127252,6d21dca52223a945,3,7,5
1073479681,avx2,ntt-inverse,65536,1.164417000,0.980917000,1.187070,5877d79289f65107,3,7,5
1073479681,avx2,scale,65536,0.080667000,0.065334000,1.234686,c328c94efd26b160,3,7,5
1073479681,avx2,skinny,65536,4.201375000,3.715625000,1.130732,2409ede2b4572f74,3,7,5
1073479681,avx2,conv,131072,14.853334000,13.206625000,1.124688,05d6057c78e0cf20,3,7,5
1073479681,avx2,inv-linear,131072,0.142709000,0.104416000,1.366735,09acf227bef0cd42,3,7,5
1073479681,avx2,ntt-forward,131072,2.188042000,1.928542000,1.134558,41867b196d14d213,3,7,5
1073479681,avx2,ntt-inverse,131072,2.560958000,2.142916000,1.195081,79439fd6cb28f0f0,3,7,5
1073479681,avx2,scale,131072,0.165667000,0.131875000,1.256243,50d5e16484c96b2d,3,7,5
1073479681,avx2,skinny,131072,8.477458000,7.556375000,1.121895,53f8176375601558,3,7,5
1224736769,avx2,conv,1024,0.089250000,0.075750000,1.178218,bbb2e39c3b7c70f5,3,7,5
1224736769,avx2,inv-linear,1024,0.001333000,0.001250000,1.066400,4af5ef99a9235a16,3,7,5
1224736769,avx2,ntt-forward,1024,0.012291000,0.010458000,1.175273,b0dbc1f4cc17fa9f,3,7,5
1224736769,avx2,ntt-inverse,1024,0.013375000,0.011334000,1.180078,d1504f9dd9f12cc7,3,7,5
1224736769,avx2,scale,1024,0.001292000,0.001084000,1.191882,e6f1cc820f4d76c7,3,7,5
1224736769,avx2,skinny,1024,0.062792000,0.056416000,1.113018,224260a68a1ed6d7,3,7,5
1224736769,avx2,conv,2048,0.191084000,0.170750000,1.119086,1db07c7b9753746f,3,7,5
1224736769,avx2,inv-linear,2048,0.002375000,0.002250000,1.055556,6551fab1aa7c9b5d,3,7,5
1224736769,avx2,ntt-forward,2048,0.027584000,0.022083000,1.249106,b3ec3f8c3ff03ca1,3,7,5
1224736769,avx2,ntt-inverse,2048,0.029792000,0.024500000,1.216000,f8130f81a40bc7d6,3,7,5
1224736769,avx2,scale,2048,0.002500000,0.002125000,1.176471,b41398cd82ef05ae,3,7,5
1224736769,avx2,skinny,2048,0.128459000,0.112667000,1.140165,8a0b8923fb717b4c,3,7,5
1224736769,avx2,conv,4096,0.419584000,0.348750000,1.203108,11efbf6cd19f0e78,3,7,5
1224736769,avx2,inv-linear,4096,0.004417000,0.004167000,1.059995,71c1927e57d5ae64,3,7,5
1224736769,avx2,ntt-forward,4096,0.058459000,0.051625000,1.132378,22dd79c6d391d7e6,3,7,5
1224736769,avx2,ntt-inverse,4096,0.063292000,0.054417000,1.163092,bc9e78945da28b79,3,7,5
1224736769,avx2,scale,4096,0.004959000,0.004041000,1.227171,a818aba588ed3032,3,7,5
1224736769,avx2,skinny,4096,0.260916000,0.224959000,1.159838,9cb09202b2a5caaf,3,7,5
1224736769,avx2,conv,8192,0.898459000,0.794958000,1.130197,f07b344a22759237,3,7,5
1224736769,avx2,inv-linear,8192,0.008584000,0.007917000,1.084249,5b947966b4037e67,3,7,5
1224736769,avx2,ntt-forward,8192,0.130042000,0.107375000,1.211101,5e17d5e69dee130b,3,7,5
1224736769,avx2,ntt-inverse,8192,0.144042000,0.114708000,1.255728,69c55b16be485720,3,7,5
1224736769,avx2,scale,8192,0.009917000,0.008041000,1.233304,929fa265864a4660,3,7,5
1224736769,avx2,skinny,8192,0.514750000,0.451833000,1.139248,6488038a63734fc4,3,7,5
1224736769,avx2,conv,16384,1.951250000,1.673458000,1.165999,c45849bf053ce28d,3,7,5
1224736769,avx2,inv-linear,16384,0.016917000,0.015541000,1.088540,fae1e896cf0816ca,3,7,5
1224736769,avx2,ntt-forward,16384,0.274375000,0.246125000,1.114779,01751168270fbfa5,3,7,5
1224736769,avx2,ntt-inverse,16384,0.306875000,0.261708000,1.172585,5d0b84c3cc080810,3,7,5
1224736769,avx2,scale,16384,0.020000000,0.016584000,1.205982,0c89465d3feac616,3,7,5
1224736769,avx2,skinny,16384,1.031208000,0.907666000,1.136110,5c710ddf974d86cf,3,7,5
1224736769,avx2,conv,32768,4.215875000,3.787250000,1.113176,1ef7b0fc2ec138f2,3,7,5
1224736769,avx2,inv-linear,32768,0.033958000,0.030959000,1.096870,19cc580150558de2,3,7,5
1224736769,avx2,ntt-forward,32768,0.610417000,0.521542000,1.170408,635b8c8c6757c4bc,3,7,5
1224736769,avx2,ntt-inverse,32768,0.670542000,0.561042000,1.195173,c76b378fcdd462af,3,7,5
1224736769,avx2,scale,32768,0.040834000,0.033375000,1.223491,653725226bdb40ec,3,7,5
1224736769,avx2,skinny,32768,2.068042000,1.848292000,1.118894,bb53f312cf4553dc,3,7,5
1224736769,avx2,conv,65536,9.073041000,7.864791000,1.153628,877f626bf17ee06c,3,7,5
1224736769,avx2,inv-linear,65536,0.070166000,0.062875000,1.115960,5986f50770843d10,3,7,5
1224736769,avx2,ntt-forward,65536,1.301084000,1.168208000,1.113743,d1a226b0b34eeadb,3,7,5
1224736769,avx2,ntt-inverse,65536,1.408709000,1.238292000,1.137623,6f5982dd703653e1,3,7,5
1224736769,avx2,scale,65536,0.080375000,0.067333000,1.193694,ce76c28ba5b3374e,3,7,5
1224736769,avx2,skinny,65536,4.201375000,3.754583000,1.118999,2388acdcd053432e,3,7,5
1224736769,avx2,conv,131072,19.193042000,17.118625000,1.121179,d9b12c7ce8e30dd9,3,7,5
1224736769,avx2,inv-linear,131072,0.139958000,0.126625000,1.105295,e6826a532797f785,3,7,5
1224736769,avx2,ntt-forward,131072,2.841667000,2.485750000,1.143183,ad0bc97af0d98fe8,3,7,5
1224736769,avx2,ntt-inverse,131072,3.039792000,2.564416000,1.185374,573e46992cb8f84e,3,7,5
1224736769,avx2,scale,131072,0.165292000,0.132083000,1.251425,0cedb5af2ba8a171,3,7,5
1224736769,avx2,skinny,131072,8.492500000,7.430292000,1.142956,40f5ff09e12f9e02,3,7,5
