backend,version,operation,size,warmup,reps,system_allocations,cache_hits,retained_bytes,retained_blocks,checksum
neon,before,conv,1048576,0,1,1,0,8388672,1,d6b63fa319273dd8
neon,after,conv,1048576,0,1,1,0,8388672,1,d6b63fa319273dd8
neon,before,conv,1048576,2,3,0,3,8388672,1,d6b63fa319273dd8
neon,after,conv,1048576,2,3,0,3,8388672,1,d6b63fa319273dd8
neon,before,inv,1048576,0,1,2,0,8388736,2,495b62761328e516
neon,after,inv,1048576,0,1,2,0,8388736,2,495b62761328e516
neon,before,inv,1048576,2,3,0,6,8388736,2,495b62761328e516
neon,after,inv,1048576,2,3,0,6,8388736,2,495b62761328e516
neon,before,exp,1048576,0,1,3,0,12583104,3,b468090ccb703c8c
neon,after,exp,1048576,0,1,3,0,12583104,3,b468090ccb703c8c
neon,before,exp,1048576,2,3,0,9,12583104,3,b468090ccb703c8c
neon,after,exp,1048576,2,3,0,9,12583104,3,b468090ccb703c8c
neon,before,sqrt,1048576,0,1,2,0,8388736,2,65005607c4f3d767
neon,after,sqrt,1048576,0,1,2,0,8388736,2,65005607c4f3d767
neon,before,sqrt,1048576,2,3,0,6,8388736,2,65005607c4f3d767
neon,after,sqrt,1048576,2,3,0,6,8388736,2,65005607c4f3d767
neon,before,exp-linear,1048576,0,1,0,0,0,0,a4c369c200829dfa
neon,after,exp-linear,1048576,0,1,0,0,0,0,a4c369c200829dfa
neon,before,exp-linear,1048576,2,3,0,0,0,0,a4c369c200829dfa
neon,after,exp-linear,1048576,2,3,0,0,0,0,a4c369c200829dfa
