variant,backend,operation,size,reps,best_ms,median_ms,ns_per_elem_log2,checksum
baseline,neon,ntt-forward,1024,7,0.001916000,0.001958000,0.187109,dbe543a62daebb33
baseline,neon,ntt-inverse,1024,7,0.002125000,0.002167000,0.207520,b2da24a617177b54
baseline,neon,conv,1024,7,0.012583000,0.012625000,1.228809,6d91082deba37185
baseline,neon,inv,1024,7,0.021916000,0.025875000,2.140234,9354024d6ea5f077
baseline,neon,log,1024,7,0.038375000,0.039750000,3.747559,65d5ea83267a38cc
baseline,neon,exp,1024,7,0.103333000,0.107459000,10.091113,789957a157b47b47
baseline,neon,sqrt,1024,7,0.074458000,0.074833000,7.271289,32ca25a06686146c
baseline,neon,pow,1024,7,0.142500000,0.144542000,13.916016,8233467dc8d53113
baseline,neon,ntt-forward,2048,7,0.003791000,0.003834000,0.168279,b554fa407ae40a51
baseline,neon,ntt-inverse,2048,7,0.004291000,0.004292000,0.190474,22452c83f29074c1
baseline,neon,conv,2048,7,0.028416000,0.028458000,1.261364,8bce3a86c7c5709f
baseline,neon,inv,2048,7,0.043208000,0.043291000,1.917969,0b272b86e38b52ce
baseline,neon,log,2048,7,0.082875000,0.083083000,3.678755,4ce22a6cd25d9565
baseline,neon,exp,2048,7,0.212375000,0.213125000,9.427157,bf115c061b47ec57
baseline,neon,sqrt,2048,7,0.149334000,0.154667000,6.628817,77d638611087c24f
baseline,neon,pow,2048,7,0.302333000,0.326417000,13.420321,6cf045cdc8d87744
baseline,neon,ntt-forward,4096,7,0.008958000,0.009042000,0.182251,da2379b25fcf065a
baseline,neon,ntt-inverse,4096,7,0.009958000,0.010000000,0.202596,3e5fb655c50ddbb6
baseline,neon,conv,4096,7,0.058917000,0.059083000,1.198669,7ce40b4d2290325f
baseline,neon,inv,4096,7,0.097750000,0.099625000,1.988729,4ca972e4225531ad
baseline,neon,log,4096,7,0.172958000,0.175417000,3.518840,9a56874e1081db66
baseline,neon,exp,4096,7,0.443792000,0.466959000,9.028971,f391031f26b8b918
baseline,neon,sqrt,4096,7,0.304667000,0.320792000,6.198466,8ee1af0b7e2d6a80
baseline,neon,pow,4096,7,0.610417000,0.625250000,12.418966,4e3525b4eafddb19
baseline,neon,ntt-forward,8192,7,0.017542000,0.017625000,0.164720,7688b9178f06b2dd
baseline,neon,ntt-inverse,8192,7,0.020333000,0.020500000,0.190927,379990af2759e1e6
baseline,neon,conv,8192,7,0.135917000,0.136375000,1.276264,d2de7fa3f6a96520
baseline,neon,inv,8192,7,0.198917000,0.199417000,1.867835,78334270ac29b024
baseline,neon,log,8192,7,0.355459000,0.368500000,3.337769,4c40ce1fbba840b7
baseline,neon,exp,8192,7,0.994458000,1.016041000,9.337985,67c72cac04b78c73
baseline,neon,sqrt,8192,7,0.649042000,0.681792000,6.094520,31167dac7a2e4040
baseline,neon,pow,8192,7,1.268292000,1.292792000,11.909292,0b4299689db9e805
baseline,neon,ntt-forward,16384,7,0.040166000,0.040333000,0.175110,37c5da2a58b68397
baseline,neon,ntt-inverse,16384,7,0.044417000,0.045584000,0.193643,50cd33dd955a0852
baseline,neon,conv,16384,7,0.277042000,0.283083000,1.207807,4ec095ecfd40f3ad
baseline,neon,inv,16384,7,0.417334000,0.432209000,1.819432,cb063c8797270422
baseline,neon,log,16384,7,0.752667000,0.768000000,3.281368,594509f0123b6b80
baseline,neon,exp,16384,7,1.966416000,2.016333000,8.572893,2f907a2e701a370f
baseline,neon,sqrt,16384,7,1.375125000,1.428667000,5.995069,c37faaafb2d8d449
baseline,neon,pow,16384,7,2.746542000,2.881500000,11.973973,06c416304373e19f
baseline,neon,ntt-forward,32768,7,0.083625000,0.086541000,0.170135,ee32e5496fd5eda1
baseline,neon,ntt-inverse,32768,7,0.093916000,0.095041000,0.191073,c3d572b60ef3f10f
baseline,neon,conv,32768,7,0.591584000,0.605709000,1.203581,d369d675fc77363f
baseline,neon,inv,32768,7,0.892917000,0.914959000,1.816644,c36882a296982569
baseline,neon,log,32768,7,1.578250000,1.617500000,3.210958,2f41f6dfad4f8a54
baseline,neon,exp,32768,7,4.200208000,4.298125000,8.545345,6afa9d8d6aedb33c
baseline,neon,sqrt,32768,7,2.912375000,3.004042000,5.925242,fe01dc74a45a91df
baseline,neon,pow,32768,7,5.930125000,6.099750000,12.064870,fa59373bc35a76b9
baseline,neon,ntt-forward,65536,7,0.183834000,0.193667000,0.175318,b83db2bcacb85d37
baseline,neon,ntt-inverse,65536,7,0.198250000,0.205083000,0.189066,08697208242639c2
baseline,neon,conv,65536,7,1.197708000,1.242125000,1.142223,841755dfc72581be
baseline,neon,inv,65536,7,1.900916000,1.954709000,1.812855,81c1f8a79506b8d2
baseline,neon,log,65536,7,3.391417000,3.482250000,3.234307,605ffdc345fa9039
baseline,neon,exp,65536,7,8.926333000,9.098667000,8.512815,ff4d4e75dae0ae43
baseline,neon,sqrt,65536,7,6.248167000,6.454791000,5.958716,d32ea1d3f38db84a
baseline,neon,pow,65536,7,12.542792000,12.675459000,11.961739,6e2ecc1757af26c1
baseline,neon,ntt-forward,131072,7,0.376292000,0.377625000,0.168875,54bc4ff2d7c932bb
baseline,neon,ntt-inverse,131072,7,0.405917000,0.423875000,0.182171,4322887394799fc1
baseline,neon,conv,131072,7,2.679417000,2.698583000,1.202490,68cffe09b13161cd
baseline,neon,inv,131072,7,3.991375000,4.160958000,1.791281,349671d5d8482bf4
baseline,neon,log,131072,7,7.300584000,7.363250000,3.276414,c235c1743e4c7586
baseline,neon,exp,131072,7,18.629834000,19.380167000,8.360844,d71b0fb0b941cf01
baseline,neon,sqrt,131072,7,12.964291000,13.287791000,5.818217,a56b48284b712057
baseline,neon,pow,131072,7,26.520959000,27.064875000,11.902286,be3553f5c6a431a4
baseline,neon,ntt-forward,262144,7,0.819333000,0.855667000,0.173639,47f06583014b3794
baseline,neon,ntt-inverse,262144,7,0.890125000,0.900750000,0.188642,248f869acc22ab52
baseline,neon,conv,262144,7,5.379916000,5.783000000,1.140153,2e7a0bc076f7e998
baseline,neon,inv,262144,7,8.445000000,8.729458000,1.789729,eb27c8c4442011b9
baseline,neon,log,262144,7,15.279708000,15.999958000,3.238192,28b2d55e88564299
baseline,neon,exp,262144,7,39.752084000,42.513834000,8.424565,127cdd9c43da3fd2
baseline,neon,sqrt,262144,7,27.391500000,28.100083000,5.805016,5e61cdd5fb2f0265
baseline,neon,pow,262144,7,55.507791000,56.056291000,11.763634,aff6ec0e9e06a15e
baseline,neon,ntt-forward,524288,7,1.654541000,1.741084000,0.166094,2022b7da664a8ff6
baseline,neon,ntt-inverse,524288,7,1.799666000,1.845125000,0.180663,7d6e5da3c180ef35
baseline,neon,conv,524288,7,11.835291000,13.616875000,1.188107,a7b8b44c239b9e70
baseline,neon,inv,524288,7,17.820334000,18.191834000,1.788926,d3f094d3e6c67159
baseline,neon,log,524288,7,33.339000000,33.698416000,3.346795,5b73ecf7d1d54dda
baseline,neon,exp,524288,7,85.857292000,87.892875000,8.618936,2d655a3b2cbe4bb2
baseline,neon,sqrt,524288,7,59.216500000,60.533333000,5.944553,ea52ddf143939955
baseline,neon,pow,524288,7,118.479709000,122.518042000,11.893795,159abfa487d4f4d9
baseline,neon,ntt-forward,1048576,7,3.741916000,3.911083000,0.178428,54c8128939e97daa
baseline,neon,ntt-inverse,1048576,7,4.043750000,4.181166000,0.192821,72cf68f1af7ac531
baseline,neon,conv,1048576,7,26.042500000,27.478583000,1.241803,d6b63fa319273dd8
baseline,neon,inv,1048576,7,38.714250000,39.475291000,1.846039,495b62761328e516
baseline,neon,log,1048576,7,68.739833000,71.512917000,3.277771,fb996dd992e73163
baseline,neon,exp,1048576,7,180.311208000,185.451041000,8.597908,b468090ccb703c8c
baseline,neon,sqrt,1048576,7,126.274750000,157.630958000,6.021249,65005607c4f3d767
baseline,neon,pow,1048576,7,250.571375000,256.030875000,11.948174,15c074295f88df7b
optimized,neon,ntt-forward,1024,7,0.001416000,0.001458000,0.138281,dbe543a62daebb33
optimized,neon,ntt-inverse,1024,7,0.001541000,0.001542000,0.150488,b2da24a617177b54
optimized,neon,conv,1024,7,0.010125000,0.010167000,0.988770,6d91082deba37185
optimized,neon,inv,1024,7,0.016000000,0.016250000,1.562500,9354024d6ea5f077
optimized,neon,log,1024,7,0.027042000,0.028625000,2.640820,65d5ea83267a38cc
optimized,neon,exp,1024,7,0.033417000,0.033500000,3.263379,789957a157b47b47
optimized,neon,sqrt,1024,7,0.024250000,0.024333000,2.368164,32ca25a06686146c
optimized,neon,pow,1024,7,0.062666000,0.062833000,6.119727,8233467dc8d53113
optimized,neon,ntt-forward,2048,7,0.003166000,0.003167000,0.140536,b554fa407ae40a51
optimized,neon,ntt-inverse,2048,7,0.003417000,0.003459000,0.151678,22452c83f29074c1
optimized,neon,conv,2048,7,0.020792000,0.021375000,0.922940,8bce3a86c7c5709f
optimized,neon,inv,2048,7,0.033416000,0.033500000,1.483310,0b272b86e38b52ce
optimized,neon,log,2048,7,0.059292000,0.059625000,2.631925,4ce22a6cd25d9565
optimized,neon,exp,2048,7,0.069208000,0.072417000,3.072088,bf115c061b47ec57
optimized,neon,sqrt,2048,7,0.050416000,0.050750000,2.237926,77d638611087c24f
optimized,neon,pow,2048,7,0.131375000,0.132125000,5.831632,6cf045cdc8d87744
optimized,neon,ntt-forward,4096,7,0.006750000,0.006750000,0.137329,da2379b25fcf065a
optimized,neon,ntt-inverse,4096,7,0.007250000,0.007250000,0.147502,3e5fb655c50ddbb6
optimized,neon,conv,4096,7,0.048375000,0.048458000,0.984192,7ce40b4d2290325f
optimized,neon,inv,4096,7,0.070750000,0.070958000,1.439412,4ca972e4225531ad
optimized,neon,log,4096,7,0.122500000,0.123000000,2.492269,9a56874e1081db66
optimized,neon,exp,4096,7,0.147458000,0.147792000,3.000041,f391031f26b8b918
optimized,neon,sqrt,4096,7,0.103625000,0.103792000,2.108256,8ee1af0b7e2d6a80
optimized,neon,pow,4096,7,0.271416000,0.286959000,5.521973,4e3525b4eafddb19
optimized,neon,ntt-forward,8192,7,0.014208000,0.014709000,0.133413,7688b9178f06b2dd
optimized,neon,ntt-inverse,8192,7,0.015334000,0.016125000,0.143987,379990af2759e1e6
optimized,neon,conv,8192,7,0.095625000,0.095916000,0.897921,d2de7fa3f6a96520
optimized,neon,inv,8192,7,0.144958000,0.155875000,1.361159,78334270ac29b024
optimized,neon,log,8192,7,0.255250000,0.262500000,2.396804,4c40ce1fbba840b7
optimized,neon,exp,8192,7,0.309083000,0.321250000,2.902297,67c72cac04b78c73
optimized,neon,sqrt,8192,7,0.218541000,0.228000000,2.052105,31167dac7a2e4040
optimized,neon,pow,8192,7,0.574083000,0.583291000,5.390653,0b4299689db9e805
optimized,neon,ntt-forward,16384,7,0.029791000,0.029875000,0.129878,37c5da2a58b68397
optimized,neon,ntt-inverse,16384,7,0.032291000,0.032333000,0.140778,50cd33dd955a0852
optimized,neon,conv,16384,7,0.209875000,0.219833000,0.914982,4ec095ecfd40f3ad
optimized,neon,inv,16384,7,0.310209000,0.317917000,1.352404,cb063c8797270422
optimized,neon,log,16384,7,0.546291000,0.550041000,2.381640,594509f0123b6b80
optimized,neon,exp,16384,7,0.676625000,0.701000000,2.949851,2f907a2e701a370f
optimized,neon,sqrt,16384,7,0.465916000,0.481541000,2.031233,c37faaafb2d8d449
optimized,neon,pow,16384,7,1.228667000,1.271000000,5.356563,06c416304373e19f
optimized,neon,ntt-forward,32768,7,0.064583000,0.065541000,0.131394,ee32e5496fd5eda1
optimized,neon,ntt-inverse,32768,7,0.071833000,0.072125000,0.146145,c3d572b60ef3f10f
optimized,neon,conv,32768,7,0.444209000,0.452209000,0.903746,d369d675fc77363f
optimized,neon,inv,32768,7,0.677750000,0.686959000,1.378886,c36882a296982569
optimized,neon,log,32768,7,1.181625000,1.206834000,2.404022,2f41f6dfad4f8a54
optimized,neon,exp,32768,7,1.465375000,1.512375000,2.981313,6afa9d8d6aedb33c
optimized,neon,sqrt,32768,7,1.000583000,1.004125000,2.035691,fe01dc74a45a91df
optimized,neon,pow,32768,7,2.668208000,2.719417000,5.428483,fa59373bc35a76b9
optimized,neon,ntt-forward,65536,7,0.135584000,0.139292000,0.129303,b83db2bcacb85d37
optimized,neon,ntt-inverse,65536,7,0.150000000,0.150834000,0.143051,08697208242639c2
optimized,neon,conv,65536,7,0.930166000,0.977250000,0.887075,841755dfc72581be
optimized,neon,inv,65536,7,1.402500000,1.413834000,1.337528,81c1f8a79506b8d2
optimized,neon,log,65536,7,2.465750000,2.596542000,2.351522,605ffdc345fa9039
optimized,neon,exp,65536,7,3.093667000,3.161084000,2.950351,ff4d4e75dae0ae43
optimized,neon,sqrt,65536,7,2.136458000,2.173250000,2.037485,d32ea1d3f38db84a
optimized,neon,pow,65536,7,5.648667000,5.832250000,5.386989,6e2ecc1757af26c1
optimized,neon,ntt-forward,131072,7,0.290208000,0.301625000,0.130242,54bc4ff2d7c932bb
optimized,neon,ntt-inverse,131072,7,0.337709000,0.341417000,0.151560,4322887394799fc1
optimized,neon,conv,131072,7,1.958583000,1.985792000,0.878988,68cffe09b13161cd
optimized,neon,inv,131072,7,3.051083000,3.118375000,1.369289,349671d5d8482bf4
optimized,neon,log,131072,7,5.417875000,5.558875000,2.431477,c235c1743e4c7586
optimized,neon,exp,131072,7,6.573666000,6.699083000,2.950182,d71b0fb0b941cf01
optimized,neon,sqrt,131072,7,4.660875000,4.767584000,2.091744,a56b48284b712057
optimized,neon,pow,131072,7,11.926458000,12.177708000,5.352450,be3553f5c6a431a4
optimized,neon,ntt-forward,262144,7,0.617375000,0.625500000,0.130839,47f06583014b3794
optimized,neon,ntt-inverse,262144,7,0.661875000,0.687166000,0.140270,248f869acc22ab52
optimized,neon,conv,262144,7,4.243167000,4.276333000,0.899244,2e7a0bc076f7e998
optimized,neon,inv,262144,7,6.508292000,6.679041000,1.379287,eb27c8c4442011b9
optimized,neon,log,262144,7,11.457958000,11.852667000,2.428258,28b2d55e88564299
optimized,neon,exp,262144,7,13.716250000,14.160083000,2.906852,127cdd9c43da3fd2
optimized,neon,sqrt,262144,7,9.742083000,9.956458000,2.064617,5e61cdd5fb2f0265
optimized,neon,pow,262144,7,25.871500000,26.187041000,5.482886,aff6ec0e9e06a15e
optimized,neon,ntt-forward,524288,7,1.312708000,1.377959000,0.131779,2022b7da664a8ff6
optimized,neon,ntt-inverse,524288,7,1.493125000,1.548041000,0.149890,7d6e5da3c180ef35
optimized,neon,conv,524288,7,8.864041000,9.320917000,0.889832,a7b8b44c239b9e70
optimized,neon,inv,524288,7,13.535792000,14.001666000,1.358814,d3f094d3e6c67159
optimized,neon,log,524288,7,24.571041000,24.932292000,2.466607,5b73ecf7d1d54dda
optimized,neon,exp,524288,7,29.827875000,31.315041000,2.994324,2d655a3b2cbe4bb2
optimized,neon,sqrt,524288,7,20.527250000,20.901417000,2.060664,ea52ddf143939955
optimized,neon,pow,524288,7,55.987375000,57.685166000,5.620392,159abfa487d4f4d9
optimized,neon,ntt-forward,1048576,7,2.855000000,2.891584000,0.136137,54c8128939e97daa
optimized,neon,ntt-inverse,1048576,7,3.084500000,3.231208000,0.147080,72cf68f1af7ac531
optimized,neon,conv,1048576,7,19.659250000,20.318958000,0.937426,d6b63fa319273dd8
optimized,neon,inv,1048576,7,30.459417000,31.009375000,1.452418,495b62761328e516
optimized,neon,log,1048576,7,53.178292000,53.716333000,2.535739,fb996dd992e73163
optimized,neon,exp,1048576,7,65.359375000,66.031375000,3.116578,b468090ccb703c8c
optimized,neon,sqrt,1048576,7,47.091417000,47.998792000,2.245494,65005607c4f3d767
optimized,neon,pow,1048576,7,121.882625000,130.154875000,5.811816,15c074295f88df7b
baseline,neon,square,1048576,7,26.424292000,28.075042000,1.260008,d730c60b9ae3b10b
optimized,neon,square,1048576,7,13.536833000,14.180958000,0.645486,d730c60b9ae3b10b
baseline,neon,skinny,1048576,7,26.969958000,27.527333000,1.286028,dd7148b0dea0c361
optimized,neon,skinny,1048576,7,11.424041000,11.968542000,0.544741,dd7148b0dea0c361
baseline,neon,exp-linear,1048576,7,178.809125000,182.683833000,8.526284,a4c369c200829dfa
optimized,neon,exp-linear,1048576,7,11.521459000,11.931416000,0.549386,a4c369c200829dfa
baseline,neon,inv,262145,7,18.113167000,18.306375000,3.838665,b10258928bb61301
baseline,neon,log,262145,7,24.988083000,25.879791000,5.295643,0af14f3a7d2a126a
baseline,neon,exp,262145,7,70.336708000,71.289125000,14.906230,5ef416bcf47af499
baseline,neon,sqrt,262145,7,58.263083000,59.419750000,12.347506,49b32d0661d1557b
baseline,neon,pow,262145,7,94.569167000,96.819875000,20.041736,26509a1cd3f9206f
optimized,neon,inv,262145,7,6.663709000,7.012583000,1.412218,b10258928bb61301
optimized,neon,log,262145,7,11.342583000,11.667208000,2.403797,0af14f3a7d2a126a
optimized,neon,exp,262145,7,14.397500000,14.702917000,3.051215,5ef416bcf47af499
optimized,neon,sqrt,262145,7,10.012042000,10.232708000,2.121820,49b32d0661d1557b
optimized,neon,pow,262145,7,25.858125000,26.286875000,5.480028,26509a1cd3f9206f
baseline,neon,plan,1048576,1,2.511125000,2.511125000,0.119740,54c8128939e97daa
baseline,neon,plan,1048576,1,2.964833000,2.964833000,0.141374,54c8128939e97daa
baseline,neon,plan,1048576,1,2.104167000,2.104167000,0.100335,54c8128939e97daa
baseline,neon,plan,1048576,1,2.373209000,2.373209000,0.113163,54c8128939e97daa
baseline,neon,plan,1048576,1,2.287584000,2.287584000,0.109081,54c8128939e97daa
baseline,neon,plan,1048576,1,2.295375000,2.295375000,0.109452,54c8128939e97daa
baseline,neon,plan,1048576,1,2.202917000,2.202917000,0.105043,54c8128939e97daa
baseline,neon,plan,1048576,1,2.050500000,2.050500000,0.097775,54c8128939e97daa
baseline,neon,plan,1048576,1,2.341250000,2.341250000,0.111639,54c8128939e97daa
optimized,neon,plan,1048576,1,1.217541000,1.217541000,0.058057,54c8128939e97daa
optimized,neon,plan,1048576,1,1.358000000,1.358000000,0.064754,54c8128939e97daa
optimized,neon,plan,1048576,1,1.063666000,1.063666000,0.050720,54c8128939e97daa
optimized,neon,plan,1048576,1,1.165708000,1.165708000,0.055585,54c8128939e97daa
optimized,neon,plan,1048576,1,1.371208000,1.371208000,0.065384,54c8128939e97daa
optimized,neon,plan,1048576,1,1.260708000,1.260708000,0.060115,54c8128939e97daa
optimized,neon,plan,1048576,1,1.523625000,1.523625000,0.072652,54c8128939e97daa
optimized,neon,plan,1048576,1,1.109083000,1.109083000,0.052885,54c8128939e97daa
optimized,neon,plan,1048576,1,1.176000000,1.176000000,0.056076,54c8128939e97daa
