backend,modulus,root,source,before_sha256,after_sha256,identical
neon,998244353,3,bench.cpp,b3db03d4f50adf57e48c55993a742384c10558dea9943394269e2a0fa2d5a203,b3db03d4f50adf57e48c55993a742384c10558dea9943394269e2a0fa2d5a203,true
neon,1004535809,3,bench.cpp,fef58972a93938cba386a7d5efa31e6940f91a4f1e462c4341bc13ed2f87aebb,fef58972a93938cba386a7d5efa31e6940f91a4f1e462c4341bc13ed2f87aebb,true
neon,469762049,3,bench.cpp,363d696ac492b6b48effbc2f916b288d644c7cc9e6ea71381ccf47e397317262,363d696ac492b6b48effbc2f916b288d644c7cc9e6ea71381ccf47e397317262,true
neon,167772161,3,bench.cpp,7a879a704dd5f398d27c137a818dd4cf51eb37cb55857f08b024661ce34a2ded,7a879a704dd5f398d27c137a818dd4cf51eb37cb55857f08b024661ce34a2ded,true
neon,754974721,11,bench.cpp,696c83d568edfcc43ecbe748d8a1df41d5f9387428e8fabc7d7d4e34f3d1a6ee,696c83d568edfcc43ecbe748d8a1df41d5f9387428e8fabc7d7d4e34f3d1a6ee,true
neon,1224736769,3,bench.cpp,b21b4cd7c43ac6d898c54dc3c1b7dbb64ab3b39f6041aa7b2624c465c1159d40,b21b4cd7c43ac6d898c54dc3c1b7dbb64ab3b39f6041aa7b2624c465c1159d40,true
neon,1073479681,11,bench.cpp,76031e8a1c647c2929b3dddcc042aa345c24d265bbd1634771d4f0d8c6418bd4,76031e8a1c647c2929b3dddcc042aa345c24d265bbd1634771d4f0d8c6418bd4,true
neon,2013265921,31,bench.cpp,20507eb6ed4dd1480337cd335799224e8e8c8dd94fb1f488d8b8b74aa4a66a6b,20507eb6ed4dd1480337cd335799224e8e8c8dd94fb1f488d8b8b74aa4a66a6b,true
avx2,998244353,3,bench.cpp,50150be24b01adf825e67c20d483ee931839b13ef43c8f349946f01c6e6a191c,50150be24b01adf825e67c20d483ee931839b13ef43c8f349946f01c6e6a191c,true
avx2,1004535809,3,bench.cpp,21e9f62bde54d59fbaef68be97649cfa390e7854531ad5c353b60a878f93dcf5,21e9f62bde54d59fbaef68be97649cfa390e7854531ad5c353b60a878f93dcf5,true
avx2,469762049,3,bench.cpp,56b86761108fefeb7098cf29b00f32f3fd9460773bb8d5ca8a1701350214ca54,56b86761108fefeb7098cf29b00f32f3fd9460773bb8d5ca8a1701350214ca54,true
avx2,167772161,3,bench.cpp,4616601bccab5ca09d711552281b0bb2ae9955caa33242a7280034438a1a092e,4616601bccab5ca09d711552281b0bb2ae9955caa33242a7280034438a1a092e,true
avx2,754974721,11,bench.cpp,655a636bb0a1c82d4cc5f55601cda397bbfa2bd08cad671ff8f89e62ebe10896,655a636bb0a1c82d4cc5f55601cda397bbfa2bd08cad671ff8f89e62ebe10896,true
avx2,1224736769,3,bench.cpp,159c416ad5d5579d28130653532b0c881e594e0eb332c80376dddc465c995ab1,159c416ad5d5579d28130653532b0c881e594e0eb332c80376dddc465c995ab1,true
avx2,1073479681,11,bench.cpp,49589d319ee863769875be4df6082f572f9eb24024fe7d17a160511648415da7,49589d319ee863769875be4df6082f572f9eb24024fe7d17a160511648415da7,true
avx2,2013265921,31,bench.cpp,21f18a4bb929b6195a1d776164568f3bfc2e5cc5b99a9639371e8d89f393036f,21f18a4bb929b6195a1d776164568f3bfc2e5cc5b99a9639371e8d89f393036f,true
avx512,998244353,3,bench.cpp,e9a29164754795d25dae93da004ddb140f16983ac5d0ba8b4c9bed8531889a60,e9a29164754795d25dae93da004ddb140f16983ac5d0ba8b4c9bed8531889a60,true
avx512,1004535809,3,bench.cpp,332c28e07c9473727b14ff353f459cc2273e8e31d1477947f97bcd1d316706a4,332c28e07c9473727b14ff353f459cc2273e8e31d1477947f97bcd1d316706a4,true
avx512,469762049,3,bench.cpp,d4af3d50f0dc8c665d28fb442e12f2a21dedad4c2615c1c6530cbd8d29388c55,d4af3d50f0dc8c665d28fb442e12f2a21dedad4c2615c1c6530cbd8d29388c55,true
avx512,167772161,3,bench.cpp,27ebdae5d6a2c4d19817a39e632eaad548eaf25b4360569d3435ccc62c52afb0,27ebdae5d6a2c4d19817a39e632eaad548eaf25b4360569d3435ccc62c52afb0,true
avx512,754974721,11,bench.cpp,ee9b14c5e6e72fde7119a11d94456be29345ba6a757ca73407fc3a4bfc6789e9,ee9b14c5e6e72fde7119a11d94456be29345ba6a757ca73407fc3a4bfc6789e9,true
avx512,1224736769,3,bench.cpp,c1fb1ca151b054c2b6694fe73f3aaffe0c9fb69799184a2bc95f243c4b056c6b,c1fb1ca151b054c2b6694fe73f3aaffe0c9fb69799184a2bc95f243c4b056c6b,true
avx512,1073479681,11,bench.cpp,f423997a0947a0fbdd93665ca18539e406c3bd1fb83563aee60fa370ae434fce,f423997a0947a0fbdd93665ca18539e406c3bd1fb83563aee60fa370ae434fce,true
avx512,2013265921,31,bench.cpp,a7967e21a5eb50021e801439d66a157efea5a5f4e3a43d0be00a1103dc512df8,a7967e21a5eb50021e801439d66a157efea5a5f4e3a43d0be00a1103dc512df8,true
scalar,998244353,3,bench.cpp,93bd1735ccb9e54be38ea3c093f8867dd755b5ed114c87fc23b1234f7304fc31,93bd1735ccb9e54be38ea3c093f8867dd755b5ed114c87fc23b1234f7304fc31,true
scalar,1004535809,3,bench.cpp,55dfaaa12bdf05c0e5aca066001db8043a3df0bc8f18dad26d9c68372864a228,55dfaaa12bdf05c0e5aca066001db8043a3df0bc8f18dad26d9c68372864a228,true
scalar,469762049,3,bench.cpp,0455111788ed4e052b88c45a211cb926d60db87ffaf31aafb36def2afbfdbfef,0455111788ed4e052b88c45a211cb926d60db87ffaf31aafb36def2afbfdbfef,true
scalar,167772161,3,bench.cpp,01cc0d1fd963d1712c2c081ae78abf50a56c8e9d937024c4df13b72ce86dbce8,01cc0d1fd963d1712c2c081ae78abf50a56c8e9d937024c4df13b72ce86dbce8,true
scalar,754974721,11,bench.cpp,e50c49fb9b082a4a51d583b2217ebc06222db40c3aab971545150094914bc4a0,e50c49fb9b082a4a51d583b2217ebc06222db40c3aab971545150094914bc4a0,true
scalar,1224736769,3,bench.cpp,ee2b2c5cfe88951874b1d91ce8b3880f987354938a64f64cecaefef591c659d7,ee2b2c5cfe88951874b1d91ce8b3880f987354938a64f64cecaefef591c659d7,true
scalar,1073479681,11,bench.cpp,7e5866afbbc4024b0dc4de4d7c48063cc5d5d51718fd27229b2fd1ee9f9e3f9a,7e5866afbbc4024b0dc4de4d7c48063cc5d5d51718fd27229b2fd1ee9f9e3f9a,true
scalar,2013265921,31,bench.cpp,6634b27cc6c59393ee6b0ac9ff649134bceb61b58dde77a39bd822f6b4ef7b51,6634b27cc6c59393ee6b0ac9ff649134bceb61b58dde77a39bd822f6b4ef7b51,true
