backend,operation,size,before_ms,after_ms,speedup,checksum,runs,reps,warmup
avx2,conv,64,0.003542000,0.002958000,1.197431,41eeb2086ca4b3f9,3,9,5
avx2,div-small,64,0.003000000,0.002667000,1.124859,66017fb02305b7bf,3,9,5
avx2,exp,64,0.007541000,0.006917000,1.090213,a34a5e147b023338,3,9,5
avx2,exp-linear,64,0.000542000,0.000583000,0.929674,28c788c1b9245ecf,3,9,5
avx2,inv,64,0.003875000,0.003542000,1.094015,0ee789c06ec1b83d,3,9,5
avx2,inv-linear,64,0.000375000,0.000334000,1.122754,467d1691f174edd4,3,9,5
avx2,inv-series,64,0.000167000,0.000167000,1.000000,661ba9168692dffa,3,9,5
avx2,inv-short,64,0.000208000,0.000208000,1.000000,55a5db0d0d70b365,3,9,5
avx2,log,64,0.008208000,0.007167000,1.145249,b2a8688d0d9f6960,3,9,5
avx2,ntt-forward,64,0.000542000,0.000459000,1.180828,7aff1484a5ce5f2c,3,9,5
avx2,ntt-inverse,64,0.000583000,0.000459000,1.270153,57a89e991bf93619,3,9,5
avx2,pow,64,0.015875000,0.014125000,1.123894,c446b114d7ef0968,3,9,5
avx2,pow-linear,64,0.001000000,0.001000000,1.000000,035cd2501c1d213a,3,9,5
avx2,pow-short,64,0.003875000,0.003209000,1.207541,00bc084bfddcc7d7,3,9,5
avx2,scale,64,0.000167000,0.000167000,1.000000,363eaeb81a63c6d8,3,9,5
avx2,skinny,64,0.004583000,0.003875000,1.182710,b192ae8b3bb0602b,3,9,5
avx2,sqrt,64,0.006083000,0.005708000,1.065697,a081b25f99029eac,3,9,5
avx2,square,64,0.002417000,0.002125000,1.137412,ef6edf1a9cce2cb8,3,9,5
avx2,conv,128,0.006792000,0.005875000,1.156085,857d9bf51f636b88,3,9,5
avx2,div-small,128,0.018167000,0.016084000,1.129508,c1b4848af7169792,3,9,5
avx2,exp,128,0.019625000,0.018000000,1.090278,d094e62e7a89a7c8,3,9,5
avx2,exp-linear,128,0.000917000,0.000958000,0.957203,a6d9ae3ed34cb636,3,9,5
avx2,inv,128,0.009292000,0.008333000,1.115085,a60affdaee3851da,3,9,5
avx2,inv-linear,128,0.000458000,0.000375000,1.221333,7e78738e3bdedb68,3,9,5
avx2,inv-series,128,0.000291000,0.000250000,1.164000,656e00dca0ae8617,3,9,5
avx2,inv-short,128,0.000208000,0.000208000,1.000000,00a99e75714f43a5,3,9,5
avx2,log,128,0.017375000,0.015709000,1.106054,70cebfb986d784b7,3,9,5
avx2,ntt-forward,128,0.001042000,0.000917000,1.136314,d22728ba0793d7de,3,9,5
avx2,ntt-inverse,128,0.001125000,0.001042000,1.079655,437f10240631d614,3,9,5
avx2,pow,128,0.037916000,0.032792000,1.156258,55ec585067942f7c,3,9,5
avx2,pow-linear,128,0.001625000,0.001625000,1.000000,64db43f26dac5853,3,9,5
avx2,pow-short,128,0.003958000,0.003292000,1.202309,b39a2f24f00fe3eb,3,9,5
avx2,scale,128,0.000250000,0.000208000,1.201923,275ffa4e1346a921,3,9,5
avx2,skinny,128,0.008625000,0.007250000,1.189655,364cab73606b64dd,3,9,5
avx2,sqrt,128,0.015041000,0.013625000,1.103927,bb2c8b65b827aeff,3,9,5
avx2,square,128,0.004917000,0.004083000,1.204262,ae97630b9320f6bc,3,9,5
avx2,conv,256,0.015209000,0.012750000,1.192863,b10dfc1f05fa0793,3,9,5
avx2,div-small,256,0.037792000,0.033250000,1.136602,6b7824462e402691,3,9,5
avx2,exp,256,0.044791000,0.037958000,1.180015,f5e62b68e20bcce6,3,9,5
avx2,exp-linear,256,0.001583000,0.001584000,0.999369,a0811859e738128a,3,9,5
avx2,inv,256,0.021333000,0.017959000,1.187872,60bc688331f9f776,3,9,5
avx2,inv-linear,256,0.000542000,0.000458000,1.183406,5681c21fde4cb375,3,9,5
avx2,inv-series,256,0.000417000,0.000417000,1.000000,9b5405aa72c75cad,3,9,5
avx2,inv-short,256,0.000167000,0.000208000,0.802885,83d4bcc6ecbc6225,3,9,5
avx2,log,256,0.038167000,0.033708000,1.132283,bd0b8d61065abd40,3,9,5
avx2,ntt-forward,256,0.002166000,0.001792000,1.208705,a5f4cfd1baef336a,3,9,5
avx2,ntt-inverse,256,0.002417000,0.002000000,1.208500,518f849f3a6fa43d,3,9,5
avx2,pow,256,0.083084000,0.072250000,1.149952,cb28e7bf3d10c2cc,3,9,5
avx2,pow-linear,256,0.002750000,0.002750000,1.000000,f4176d9b21357b09,3,9,5
avx2,pow-short,256,0.003916000,0.003208000,1.220698,66689df095aa386b,3,9,5
avx2,scale,256,0.000375000,0.000333000,1.126126,405ca9b570be10c1,3,9,5
avx2,skinny,256,0.016666000,0.014416000,1.156077,acae63c71faedf7c,3,9,5
avx2,sqrt,256,0.033166000,0.028625000,1.158638,de9914fdb6c2fa2d,3,9,5
avx2,square,256,0.010666000,0.009000000,1.185111,fc776c3b57598961,3,9,5
avx2,conv,512,0.032583000,0.025958000,1.255220,cf3bd6b509935e92,3,9,5
avx2,div-small,512,0.081833000,0.069250000,1.181704,07336b389419dcd0,3,9,5
avx2,exp,512,0.098625000,0.084250000,1.170623,76b545b90c4ade07,3,9,5
avx2,exp-linear,512,0.003042000,0.003042000,1.000000,209538e4e4eff3dc,3,9,5
avx2,inv,512,0.047292000,0.039458000,1.198540,18b65eb9a0bdd151,3,9,5
avx2,inv-linear,512,0.000833000,0.000667000,1.248876,f69c26c6ca0ee9a4,3,9,5
avx2,inv-series,512,0.000792000,0.000792000,1.000000,407745ce42e490f0,3,9,5
avx2,inv-short,512,0.000208000,0.000208000,1.000000,825eb9e0de56a125,3,9,5
avx2,log,512,0.082500000,0.069208000,1.192059,e1d923d4f7e912c4,3,9,5
avx2,ntt-forward,512,0.004709000,0.003917000,1.202196,8ac388638481d220,3,9,5
avx2,ntt-inverse,512,0.005375000,0.004375000,1.228571,c5bd853d7e6a8e89,3,9,5
avx2,pow,512,0.182000000,0.152666000,1.192145,d5fcc5a10a2ce4b0,3,9,5
avx2,pow-linear,512,0.005167000,0.005167000,1.000000,7695e26493101f37,3,9,5
avx2,pow-short,512,0.003917000,0.003209000,1.220629,b90deda00be2e76b,3,9,5
avx2,scale,512,0.000708000,0.000583000,1.214408,ee5880edb928dd88,3,9,5
avx2,skinny,512,0.033917000,0.028375000,1.195313,8f362c52cff53eae,3,9,5
avx2,sqrt,512,0.071500000,0.060792000,1.176142,176ef27208bdab1d,3,9,5
avx2,square,512,0.022584000,0.018250000,1.237479,63f8b4db5c756e49,3,9,5
avx2,conv,1024,0.071084000,0.057833000,1.229125,6d91082deba37185,3,9,5
avx2,div-small,1024,0.175791000,0.150459000,1.168365,6d364eff5c4e152a,3,9,5
avx2,exp,1024,0.214292000,0.177500000,1.207279,789957a157b47b47,3,9,5
avx2,exp-linear,1024,0.005958000,0.005917000,1.006929,dc5423a6daae6428,3,9,5
avx2,inv,1024,0.102375000,0.084041000,1.218155,9354024d6ea5f077,3,9,5
avx2,inv-linear,1024,0.001334000,0.001042000,1.280230,6704d7c8466f18ea,3,9,5
avx2,inv-series,1024,0.001583000,0.001542000,1.026589,483738f5717d54fb,3,9,5
avx2,inv-short,1024,0.000209000,0.000250000,0.836000,7830b096148b2725,3,9,5
avx2,log,1024,0.178708000,0.152500000,1.171856,65d5ea83267a38cc,3,9,5
avx2,ntt-forward,1024,0.010083000,0.008083000,1.247433,dbe543a62daebb33,3,9,5
avx2,ntt-inverse,1024,0.011416000,0.008958000,1.274392,b2da24a617177b54,3,9,5
avx2,pow,1024,0.394750000,0.327583000,1.205038,8233467dc8d53113,3,9,5
avx2,pow-linear,1024,0.010083000,0.010041000,1.004183,8fa79799e7a03285,3,9,5
avx2,pow-short,1024,0.003959000,0.003375000,1.173037,86692a054464396b,3,9,5
avx2,scale,1024,0.001333000,0.001083000,1.230840,85a0fbc8902843b0,3,9,5
avx2,skinny,1024,0.070000000,0.056667000,1.235287,86e0a002a2f709f4,3,9,5
avx2,sqrt,1024,0.154250000,0.129750000,1.188825,32ca25a06686146c,3,9,5
avx2,square,1024,0.049042000,0.040416000,1.213430,a929d6bd342f75da,3,9,5
avx2,conv,2048,0.151958000,0.125708000,1.208817,8bce3a86c7c5709f,3,9,5
avx2,div-small,2048,0.377375000,0.316208000,1.193439,4650189f7e50912f,3,9,5
avx2,exp,2048,0.470625000,0.389209000,1.209183,bf115c061b47ec57,3,9,5
avx2,exp-linear,2048,0.011792000,0.011750000,1.003574,3f0cd28afa5e5d9e,3,9,5
avx2,inv,2048,0.222333000,0.182750000,1.216596,0b272b86e38b52ce,3,9,5
avx2,inv-linear,2048,0.002417000,0.001833000,1.318603,be710043fda53a15,3,9,5
avx2,inv-series,2048,0.003042000,0.003042000,1.000000,9c4bc6e1c3f3bab1,3,9,5
avx2,inv-short,2048,0.000291000,0.000291000,1.000000,ba9daa0bb8f42b25,3,9,5
avx2,log,2048,0.385208000,0.317500000,1.213254,4ce22a6cd25d9565,3,9,5
avx2,ntt-forward,2048,0.022083000,0.017875000,1.235413,b554fa407ae40a51,3,9,5
avx2,ntt-inverse,2048,0.025125000,0.019875000,1.264151,22452c83f29074c1,3,9,5
avx2,pow,2048,0.858125000,0.713959000,1.201925,6cf045cdc8d87744,3,9,5
avx2,pow-linear,2048,0.019792000,0.019709000,1.004211,653e8e4a703363fb,3,9,5
avx2,pow-short,2048,0.004042000,0.003375000,1.197630,103bad95e5a6e56b,3,9,5
avx2,scale,2048,0.002584000,0.002125000,1.216000,a63edd09f6a62c1f,3,9,5
avx2,skinny,2048,0.138416000,0.117209000,1.180933,5449af59d69e3466,3,9,5
avx2,sqrt,2048,0.332584000,0.273458000,1.216216,77d638611087c24f,3,9,5
avx2,square,2048,0.109750000,0.088500000,1.240113,5ace90eca5c0c025,3,9,5
avx2,conv,4096,0.331417000,0.276291000,1.199522,7ce40b4d2290325f,3,9,5
avx2,div-small,4096,0.820458000,0.687833000,1.192816,6b36c17083585abf,3,9,5
avx2,exp,4096,1.028125000,0.856500000,1.200379,f391031f26b8b918,3,9,5
avx2,exp-linear,4096,0.023334000,0.023416000,0.996498,37a6e35c4c696420,3,9,5
avx2,inv,4096,0.485625000,0.394750000,1.230209,4ca972e4225531ad,3,9,5
avx2,inv-linear,4096,0.004583000,0.003416000,1.341628,67fbe0216814c375,3,9,5
avx2,inv-series,4096,0.006041000,0.006042000,0.999834,100d5fb7dab299a9,3,9,5
avx2,inv-short,4096,0.000375000,0.000375000,1.000000,84f64af851c63325,3,9,5
avx2,log,4096,0.837000000,0.708250000,1.181786,9a56874e1081db66,3,9,5
avx2,ntt-forward,4096,0.047333000,0.039792000,1.189510,da2379b25fcf065a,3,9,5
avx2,ntt-inverse,4096,0.054791000,0.043208000,1.268075,3e5fb655c50ddbb6,3,9,5
avx2,pow,4096,1.874333000,1.553666000,1.206394,4e3525b4eafddb19,3,9,5
avx2,pow-linear,4096,0.039125000,0.039125000,1.000000,eb53906b6f543c85,3,9,5
avx2,pow-short,4096,0.004167000,0.003500000,1.190571,c2dcad37e92c5d6b,3,9,5
avx2,scale,4096,0.005125000,0.004167000,1.229902,7b1ab9794a05690e,3,9,5
avx2,skinny,4096,0.262333000,0.226625000,1.157564,ae703606a3b90f67,3,9,5
avx2,sqrt,4096,0.720834000,0.598708000,1.203983,8ee1af0b7e2d6a80,3,9,5
avx2,square,4096,0.228667000,0.195833000,1.167663,5f7f63aa3ed589d2,3,9,5
avx2,conv,8192,0.708875000,0.603208000,1.175175,d2de7fa3f6a96520,3,9,5
avx2,div-small,8192,1.782750000,1.556583000,1.145297,0ddea1a232144fe8,3,9,5
avx2,exp,8192,2.299625000,1.861292000,1.235499,67c72cac04b78c73,3,9,5
avx2,exp-linear,8192,0.046458000,0.046542000,0.998195,0922d47e7687a0fd,3,9,5
avx2,inv,8192,1.057125000,0.874834000,1.208372,78334270ac29b024,3,9,5
avx2,inv-linear,8192,0.008875000,0.006500000,1.365385,2d83bfd48f7605eb,3,9,5
avx2,inv-series,8192,0.012000000,0.012000000,1.000000,a917cdb9836ab751,3,9,5
avx2,inv-short,8192,0.000584000,0.000583000,1.001715,0a22273d6f6a0325,3,9,5
avx2,log,8192,1.839084000,1.520208000,1.209758,4c40ce1fbba840b7,3,9,5
avx2,ntt-forward,8192,0.103750000,0.086875000,1.194245,7688b9178f06b2dd,3,9,5
avx2,ntt-inverse,8192,0.118833000,0.094625000,1.255831,379990af2759e1e6,3,9,5
avx2,pow,8192,4.071750000,3.413875000,1.192706,0b4299689db9e805,3,9,5
avx2,pow-linear,8192,0.077834000,0.077834000,1.000000,08d77ae0987a74fa,3,9,5
avx2,pow-short,8192,0.004458000,0.004000000,1.114500,265e79bef4372d6b,3,9,5
avx2,scale,8192,0.010250000,0.008250000,1.242424,855fa5f5bb6a13b2,3,9,5
avx2,skinny,8192,0.520625000,0.461834000,1.127299,3e1ab7b0d2614461,3,9,5
avx2,sqrt,8192,1.576625000,1.309375000,1.204105,31167dac7a2e4040,3,9,5
avx2,square,8192,0.490125000,0.418375000,1.171497,0e0ee68d047e0a45,3,9,5
avx2,conv,16384,1.566333000,1.358958000,1.152599,4ec095ecfd40f3ad,3,9,5
avx2,div-small,16384,3.849625000,3.360500000,1.145551,5753b540635e26a8,3,9,5
avx2,exp,16384,4.801500000,4.053083000,1.184654,2f907a2e701a370f,3,9,5
avx2,exp-linear,16384,0.092833000,0.092791000,1.000453,0d6259d2fc6dbccc,3,9,5
avx2,inv,16384,2.321667000,1.879416000,1.235313,cb063c8797270422,3,9,5
avx2,inv-linear,16384,0.017583000,0.012875000,1.365670,2918de9a866e3242,3,9,5
avx2,inv-series,16384,0.023959000,0.023916000,1.001798,4323760ef5782c72,3,9,5
avx2,inv-short,16384,0.001041000,0.001000000,1.041000,5b7600aec6b26325,3,9,5
avx2,log,16384,3.907250000,3.329000000,1.173701,594509f0123b6b80,3,9,5
avx2,ntt-forward,16384,0.220792000,0.191209000,1.154716,37c5da2a58b68397,3,9,5
avx2,ntt-inverse,16384,0.257625000,0.213167000,1.208559,50cd33dd955a0852,3,9,5
avx2,pow,16384,8.778042000,8.290834000,1.058765,06c416304373e19f,3,9,5
avx2,pow-linear,16384,0.155583000,0.155375000,1.001339,2a60ba26da76dd52,3,9,5
avx2,pow-short,16384,0.005083000,0.004500000,1.129556,17f8a1d91a4ccd6b,3,9,5
avx2,scale,16384,0.020625000,0.016666000,1.237550,a82f94d8ef1ad431,3,9,5
avx2,skinny,16384,1.058208000,0.912292000,1.159944,7958342332adef6b,3,9,5
avx2,sqrt,16384,3.432375000,2.865458000,1.197845,c37faaafb2d8d449,3,9,5
avx2,square,16384,1.065583000,0.907708000,1.173927,370fcc4d506ebf37,3,9,5
avx2,conv,32768,3.303958000,3.026583000,1.091646,d369d675fc77363f,3,9,5
avx2,div-small,32768,8.292042000,7.101375000,1.167667,d22fe0cfd040f0a9,3,9,5
avx2,exp,32768,10.263875000,8.923167000,1.150250,6afa9d8d6aedb33c,3,9,5
avx2,exp-linear,32768,0.192000000,0.185792000,1.033414,baec729809d17d70,3,9,5
avx2,inv,32768,4.887167000,4.390375000,1.113155,c36882a296982569,3,9,5
avx2,inv-linear,32768,0.034958000,0.025708000,1.359810,fc1372cc62447ea8,3,9,5
avx2,inv-series,32768,0.047791000,0.047833000,0.999122,daa9e349bfe7bb13,3,9,5
avx2,inv-short,32768,0.001917000,0.001875000,1.022400,95a009a3d942a325,3,9,5
avx2,log,32768,8.406750000,7.468250000,1.125665,2f41f6dfad4f8a54,3,9,5
avx2,ntt-forward,32768,0.484667000,0.457583000,1.059189,ee32e5496fd5eda1,3,9,5
avx2,ntt-inverse,32768,0.554417000,0.470125000,1.179297,c3d572b60ef3f10f,3,9,5
avx2,pow,32768,18.597125000,16.800458000,1.106942,fa59373bc35a76b9,3,9,5
avx2,pow-linear,32768,0.310833000,0.319416000,0.973129,526819347483d431,3,9,5
avx2,pow-short,32768,0.006459000,0.005834000,1.107131,23c1fe3da6770d6b,3,9,5
avx2,scale,32768,0.041917000,0.033500000,1.251254,dbb82286bf69b005,3,9,5
avx2,skinny,32768,2.257875000,1.926375000,1.172085,703b8df874a19bb6,3,9,5
avx2,sqrt,32768,7.260459000,6.503000000,1.116478,fe01dc74a45a91df,3,9,5
avx2,square,32768,2.261666000,1.991542000,1.135636,53545cfaa688c32c,3,9,5
avx2,conv,65536,7.036500000,6.338292000,1.110157,841755dfc72581be,3,9,5
avx2,div-small,65536,17.641708000,15.756917000,1.119617,bd66dc329452d060,3,9,5
avx2,exp,65536,21.835208000,18.809792000,1.160843,ff4d4e75dae0ae43,3,9,5
avx2,exp-linear,65536,0.376333000,0.375667000,1.001773,ab0ccbbb2dfb200a,3,9,5
avx2,inv,65536,10.493667000,9.248667000,1.134614,81c1f8a79506b8d2,3,9,5
avx2,inv-linear,65536,0.071250000,0.053167000,1.340117,4e5dca527659819a,3,9,5
avx2,inv-series,65536,0.099334000,0.100666000,0.986768,a591f7b558231076,3,9,5
avx2,inv-short,65536,0.004458000,0.004458000,1.000000,de5740cd66632325,3,9,5
avx2,log,65536,17.830125000,15.535083000,1.147733,605ffdc345fa9039,3,9,5
avx2,ntt-forward,65536,1.024459000,0.919958000,1.113593,b83db2bcacb85d37,3,9,5
avx2,ntt-inverse,65536,1.172500000,1.014958000,1.155220,08697208242639c2,3,9,5
avx2,pow,65536,39.915416000,34.493500000,1.157187,6e2ecc1757af26c1,3,9,5
avx2,pow-linear,65536,0.625000000,0.638083000,0.979496,c301a342eefd3780,3,9,5
avx2,pow-short,65536,0.009500000,0.008667000,1.096112,e77f67c7becc8d6b,3,9,5
avx2,scale,65536,0.083167000,0.066416000,1.252213,9386ca9fb603f2a1,3,9,5
avx2,skinny,65536,4.389042000,3.812250000,1.151300,a197e9ac6453dc29,3,9,5
avx2,sqrt,65536,15.624792000,13.344292000,1.170897,d32ea1d3f38db84a,3,9,5
avx2,square,65536,4.926667000,4.338458000,1.135580,7069bfe1ae6aad95,3,9,5
avx2,conv,131072,14.954750000,13.144000000,1.137762,68cffe09b13161cd,3,9,5
avx2,div-small,131072,37.960208000,32.776417000,1.158156,bc97f7f72c3ac410,3,9,5
avx2,exp,131072,46.889958000,40.094375000,1.169490,d71b0fb0b941cf01,3,9,5
avx2,exp-linear,131072,0.771667000,0.764417000,1.009484,f8b20379ba100eff,3,9,5
avx2,inv,131072,22.580875000,19.145875000,1.179412,349671d5d8482bf4,3,9,5
avx2,inv-linear,131072,0.142083000,0.105125000,1.351562,e40c2662df9b1fbb,3,9,5
avx2,inv-series,131072,0.197959000,0.204167000,0.969594,3fbed7f71e6eb14f,3,9,5
avx2,inv-short,131072,0.008667000,0.009042000,0.958527,48e56a696ca02325,3,9,5
avx2,log,131072,38.058167000,33.360333000,1.140821,c235c1743e4c7586,3,9,5
avx2,ntt-forward,131072,2.208125000,1.987500000,1.111006,54bc4ff2d7c932bb,3,9,5
avx2,ntt-inverse,131072,2.499417000,2.132459000,1.172082,4322887394799fc1,3,9,5
avx2,pow,131072,85.198292000,74.047625000,1.150588,be3553f5c6a431a4,3,9,5
avx2,pow-linear,131072,1.258417000,1.278042000,0.984644,2b9846e788eef8f1,3,9,5
avx2,pow-short,131072,0.015250000,0.014500000,1.051724,ee58fddfef7b8d6b,3,9,5
avx2,scale,131072,0.166084000,0.135000000,1.230252,27004e2548853259,3,9,5
avx2,skinny,131072,10.723625000,7.623125000,1.406723,9c9c7699c9361cb1,3,9,5
avx2,sqrt,131072,33.302875000,28.976167000,1.149320,a56b48284b712057,3,9,5
avx2,square,131072,10.591083000,9.181709000,1.153498,bb0b830755b2db71,3,9,5
avx2,conv,262144,31.303833000,28.456459000,1.100061,2e7a0bc076f7e998,3,9,5
avx2,div-small,262144,80.277542000,70.646834000,1.136322,3683e92319c62b84,3,9,5
avx2,exp,262144,101.307125000,86.327084000,1.173527,127cdd9c43da3fd2,3,9,5
avx2,exp-linear,262144,1.546916000,1.516625000,1.019973,f5c213dce4ea6dd3,3,9,5
avx2,inv,262144,47.967666000,41.643000000,1.151878,eb27c8c4442011b9,3,9,5
avx2,inv-linear,262144,0.288625000,0.214583000,1.345051,aeb119e698998bde,3,9,5
avx2,inv-series,262144,0.357750000,0.362917000,0.985763,30194a5eb40949bf,3,9,5
avx2,inv-short,262144,0.017834000,0.017584000,1.014217,b7e6d36e49262325,3,9,5
avx2,log,262144,84.279208000,71.470500000,1.179217,28b2d55e88564299,3,9,5
avx2,ntt-forward,262144,4.718042000,4.195334000,1.124593,47f06583014b3794,3,9,5
avx2,ntt-inverse,262144,5.345875000,4.627417000,1.155261,248f869acc22ab52,3,9,5
avx2,pow,262144,180.750209000,158.254000000,1.142153,aff6ec0e9e06a15e,3,9,5
avx2,pow-linear,262144,2.491791000,2.504042000,0.995108,7246ee8ae0246e9f,3,9,5
avx2,pow-short,262144,0.026083000,0.026625000,0.979643,6f27362050d58d6b,3,9,5
avx2,scale,262144,0.335916000,0.283959000,1.182974,32cce5895636d451,3,9,5
avx2,skinny,262144,17.499917000,15.383667000,1.137565,e7faef1232114aa6,3,9,5
avx2,sqrt,262144,70.751333000,61.486500000,1.150681,5e61cdd5fb2f0265,3,9,5
avx2,square,262144,22.080875000,20.793542000,1.061910,c85528de7f2c2b87,3,9,5
